{
    "version":"178.3bd8a2a9(23/03/16)",
    "build":"2023-04-26T17:56:09Z",
    "framework":"172.52348b7c(23/02/16)",
    "applications":{
        "configurationApp":"172.52348b7c(23/02/16)",
        "connectApp":"172.52348b7c(23/02/16)",
        "eventLogApp":"172.52348b7c(23/02/16)",
        "faultApp":"177.3f75df5a(23/03/06)",
        "helpApp":"172.52348b7c(23/02/16)",
        "inventoryApp":"178.3bd8a2a9(23/03/16)",
        "linkCalculationApp":"##odlux.apps.linkCalculationApp.buildno##",
        "maintenanceApp":"172.52348b7c(23/02/16)",
        "mediatorApp":"172.52348b7c(23/02/16)",
        "networkMapApp":"##odlux.apps.networkMapApp.buildno##",
        "permanceHistoryApp":"81.1c38886(20/12/04)"
    
    }
}